[
    {
        "id": "el1",
        "name": "Фисташка американская",
        "img": "https://nutsmarket.in.ua/content/images/44/1479x1800l80mc0/fistashka-velyka-kaliforniia-1-kh-36067513488257.jpg",
        "price": 600
    },
    {
        "id": "el2",
        "name": "FENDER SQUIER AFFINITY",
        "img": "https://i.ibb.co/pKrG5ZJ/2.jpg",
        "price": 23900
    },
    {
        "id": "el3",
        "name": "IBANEZ GIO GRG121DX-BKF BLACK FLAT",
        "img": "https://i.ibb.co/NnvcYhR/3.jpg",
        "price": 21600
    },
    {
        "id": "el4",
        "name": "EPIPHONE LES PAUL STUDIO LT EBONY",
        "img": "https://i.ibb.co/4Tg91WL/4.jpg",
        "price": 19900
    },
    {
        "id": "el5",
        "name": "FENDER SQUIER BULLET TREM HSS AWT",
        "img": "https://i.ibb.co/MC7sy1F/5.jpg",
        "price": 14500
    },
    {
        "id": "el6",
        "name": "FENDER SQUIER BULLET MUSTANG HH BLK",
        "img": "https://i.ibb.co/qNBWPb0/6.jpg",
        "price": 14600
    },
    {
        "id": "el7",
        "name": "FENDER SQUIER BULLET STRAT HT AWT",
        "img": "https://i.ibb.co/WH1h2wV/7.jpg",
        "price": 13600
    },
    {
        "id": "el8",
        "name": "JACKSON JS22-7 DINKY SATIN BLACK",
        "img": "https://i.ibb.co/2cBg9g9/8.jpg",
        "price": 28700
    },
    {
        "id": "el9",
        "name": "JACKSON JS11 DINKY OLYMPIC WHITE",
        "img": "https://i.ibb.co/wKxFRM8/9.jpg",
        "price": 18100
    },
    {
        "id": "el10",
        "name": "YAMAHA PACIFICA 012 WH",
        "img": "https://i.ibb.co/30qJcZX/10.jpg",
        "price": 15990
    },
    {
        "id": "el11",
        "name": "YAMAHA PACIFICA 012 WH",
        "img": "https://i.ibb.co/30qJcZX/10.jpg",
        "price": 15990
    }
]